COUNTRY,ISO3,Physical exposure to earthquake MMI VI,Physical exposure to earthquake MMI VIII,Annual Expected Exposed People to Floods,Annual Expected Exposed People to Tsunamis,Annual Expected Exposed People to Cyclone's Wind SS1,Annual Expected Exposed People to Cyclone's Wind SS3,Annual Expected Exposed People to Cyclone Surge,Total affected by Drought,Frequency of Drought events,Agriculture Drought probability,GCRI Violent Conflict probability,GCRI Highly Violent Conflict probability,National Power Conflict Intensity (Highly Violent),Subnational Conflict Intensity (Highly Violent),Human Development Index,Multidimensional Poverty Index,Humanitarian Aid (FTS),Development Aid (ODA),Development Aid (ODA),Net ODA received (% of GNI),"Mortality rate, under-5",U5 Under weight,Physicians Density,One-year-olds fully immunized against measles,Incidence of Tuberculosis,Estimated number of people living with HIV - Adult (>15) rate,Health expenditure per capita,Maternal Mortality Ratio,Malaria death rate,Gender Inequality Index,Income Gini coefficient,People affected by Natural Disasters,People affected by Natural Disasters,People affected by Natural Disasters,Internally displaced persons (IDPs),Refugees by country of asylum,Returned Refugees,Average Dietary Energy Supply Adequacy,Prevalence of Undernourishment,Domestic Food Price Level Index,Domestic Food Price Volatility Index,HFA Scores Last recent,Government Effectiveness,Corruption Perception Index,Access to electricity,Adult literacy rate,Internet users,Mobile cellular subscriptions,Road lenght,Improved sanitation facilities (% of population with access),Improved water source (% of population with access),GDP per capita PPP int USD (Estimated),Total Population,Total Population (GHS-POP),Land area (sq. km)
Unit of Measurament,,Number / Year,Number / Year,Number / Year,Number / Year,Number / Year,Number / Year,Number / Year,Number / Year,%,%,%,%,Index,Index,Index,Index,USD,USD Million,USD Million,% of GNI,"per 1,000 live births",%,"per 1,000 people",%,"per 100,000 people",%,costant 2011 int USD PPP,"per 100,000 live births","per 100,000 people",Index,Index,Number,Number,Number,Number,Number,Number,%,%,Index,Index,Index,Index,Index,%,%,%,per 100 people,km,%,%,current int USD PPP,Number,Number,sq. Km
Afghanistan,AFG,63433,15595,240177,0,0,0,0,197272,0.12,0.27,0.99,0.98,5,0,0.48,0.29,962355478,3584,3151,20.64,70.4,No data,0.27,62,189,0.1,166.52,396,0,0.67,27.82,126767,3010,9440,1496889,87119,34854,99,23,No data,No data,2.47,-1.22,15,89.5,38.17,8.26,66,72000,31.9,55.3,1877,34656032,32175507,652230
Albania,ALB,5857,0,18116,48,0,0,0,96969,0.03,0.24,0.02,0,0,0,0.76,0,351080,165,99,1.44,13.5,6.3,1.14,96,16,0.1,614.54,29,No data,0.27,28.96,42300,4500,21002,0,113,0,130,4.9,6.4,10.3,No data,0,38,100,97.55,63.25,105.06,19000,93.2,95.1,11929,2876101,2878105,27400
Algeria,DZA,53432,0,106912,2,0,0,0,0,0,0.24,0.93,0.64,0,0,0.75,No data,62871071,52,92,0.1,25.2,3,1.21,94,70,0.1,932.1,140,0,0.43,No data,35000,0,125000,2540,94248,0,143,4.6,5.1,5.5,3.58,-0.54,33,100,79.61,38.2,117.02,110000,87.6,83.6,15075,40606052,39484583,2381740
Angola,AGO,0,0,66248,0,0,0,0,132239,0.18,0.03,0.87,0.22,0,0,0.53,No data,30264359,280,65,0.23,82.5,15.6,0.17,49,370,1.9,239.01,477,101,No data,42.72,5490,9899,1430250,0,49187,0,120,14,7.2,13.7,2.9,-1.04,19,32,71.16,12.4,55.28,51000,51.6,49,6499,28813464,24975505,1246700
Antigua and Barbuda,ATG,9,9,No data,0,1682,531,864,0,0,0.06,0.01,0,0,0,0.79,No data,6627837,1,5,0.01,8.5,No data,No data,98,3,No data,1208.08,No data,No data,No data,No data,0,0,1400,0,1,0,97,26.7,2.6,No data,2.83,0.27,No data,96.4,98.95,65.2,194.08,980,91.4,97.9,22413,100963,91182,440
Argentina,ARG,18978,902,226996,0,0,0,0,0,0.06,0.15,0.09,0.03,0,0,0.83,0.01,644468,-20,-11,0,11.1,2.3,3.86,90,24,0.4,1137.24,52,No data,0.36,42.67,145633,85769,54443,0,3322,0,134,3.6,No data,No data,3.5,0.18,39,100,98.09,69.4,150.67,520000,96.4,99.1,19934,43847432,43234600,2736690
Armenia,ARM,6348,1715,16671,0,0,0,0,9000,0.03,0.18,0.09,0.08,0,0,0.74,0,3880081,66,144,3.03,13.4,5.3,2.7,97,44,0.2,362.13,25,No data,0.29,31.48,0,750,0,8400,17922,0,121,4.4,8.9,11.9,2,-0.15,35,100,99.77,58.25,114.78,20000,89.5,100,8818,2924816,3005184,28480
Australia,AUS,18688,0,83053,82,35043,2205,35994,212121,0.12,0.21,0.01,0,0,0,0.94,No data,0,0,0,No data,3.7,0.2,3.27,95,6,0.1,4357.26,6,No data,0.12,34.94,8655,2836,20143,0,46576,0,127,2.4,1.4,No data,4.05,1.58,77,100,No data,84.56,109.61,770000,100,100,46790,24127160,23696832,7682300
Austria,AUT,9243,0,50723,0,0,0,0,0,0,0.03,0,0,0,0,0.89,No data,0,0,0,No data,3.5,No data,5.15,95,8,No data,5038.88,4,No data,0.08,30.48,0,0,210,0,104375,0,150,2.4,1.4,5.9,4.18,1.51,75,100,No data,83.93,166.14,290000,100,100,50078,8747358,8443801,82409
Azerbaijan,AZE,18007,5036,40465,0,0,0,0,0,0.03,0.3,0.89,0.25,0,0,0.76,0.01,1716563,62,74,0.22,30.9,4.9,3.4,98,66,0.1,1047.3,25,0,0.33,16.64,0,0,0,582307,1196,0,131,2.4,No data,No data,No data,-0.16,31,100,99.79,77,106.28,26000,89.3,87,17253,9762274,9703086,82658
Bahamas,BHS,0,0,No data,0,7156,2260,19257,0,0,0.15,0,0.01,0,0,0.79,No data,874328,0,0,No data,10.6,No data,2.82,89,26,3.3,1818.77,80,No data,0.36,No data,6710,0,0,0,14,0,108,10,1.6,5.4,No data,0.72,65,100,No data,78,91.82,4800,92,98.4,23173,391232,385415,10010
Bahrain,BHR,0,0,No data,0,0,0,0,0,0,0.45,0.05,0,0,0,0.82,No data,0,0,0,No data,7.6,No data,0.92,99,12,0.1,2272.9,15,No data,0.23,No data,0,0,0,0,262,0,139,4.4,2.2,18.5,3.48,0.32,36,100,95.72,93.48,216.93,3400,99.2,100,47334,1425171,2751796,760
Bangladesh,BGD,266067,25242,3479568,2110,670447,21870,360724,151515,0.06,0.15,0.9,0.58,0,0,0.58,0.19,580478726,1201,1222,1.07,34.2,32.6,0.36,94,221,0.1,88.08,176,14,0.52,31.98,4033104,3103625,11483062,426438,1008965,2,109,15.1,8,4.5,3.78,-0.69,28,62.4,72.76,14.4,77.88,24000,60.6,86.9,3581,162951552,160921198,130170
Barbados,BRB,0,0,No data,2,3777,540,308,0,0.03,No data,0,0,0,0,0.8,0,78012,0,0,No data,12.3,3.5,1.81,92,1,1.3,1013.97,27,No data,0.29,No data,0,0,0,0,0,0,119,4.4,2.4,5.4,3.9,1.08,68,100,No data,76.11,115,1800,96.2,99.7,16816,284996,282399,430
Belarus,BLR,0,0,69544,0,0,0,0,0,0,0.18,0.28,0.1,0,0,0.8,0,390582,63,52,-0.05,3.9,1.3,3.92,98,52,0.4,1030.99,4,No data,0.14,27.18,0,0,50539,0,1930,0,131,2.4,5.3,No data,3.88,-0.51,44,100,99.72,62.23,124.17,200000,94.3,99.7,18060,9507120,9460886,202910
Belgium,BEL,4650,0,22397,0,0,0,0,0,0,0.03,0.72,0.47,0,0,0.9,No data,1516729,0,0,No data,3.9,No data,4.89,96,10,No data,4391.6,7,No data,0.07,27.59,0,0,0,0,42168,0,149,2.4,1.7,6,No data,1.33,75,100,No data,85.05,111.01,150000,99.5,100,46383,11348159,11191791,30280
Belize,BLZ,308,0,5856,0,3838,472,4724,0,0,0.06,0.01,0.01,0,0,0.71,0.03,205000,6,4,2.14,14.9,6.2,0.83,95,38,1.8,488.74,28,0,0.38,No data,20000,10355,0,0,0,0,123,6.2,3,27.9,No data,-0.68,No data,92.5,82.78,41.59,63.87,6000,90.5,99.5,8448,366954,357547,22810
Benin,BEN,0,0,59821,0,0,0,0,0,0,0.03,0.29,0.08,0,0,0.49,0.34,3191448,184,222,5.74,97.6,18,0.06,74,59,1,85.61,405,80,0.61,43.44,0,281,0,0,968,0,123,10.3,8.1,21.8,2.78,-0.57,39,34.1,38.45,6.79,79.65,13000,19.7,77.9,2168,10872298,10845967,112760
Bhutan,BTN,1549,361,5561,0,0,0,0,0,0,0,0.02,0,0,0,0.61,0.13,1210333,37,31,2.54,32.4,12.8,0.26,97,178,0.1,281.1,148,0,0.48,38.65,0,0,0,0,0,0,110,14.9,5.1,6.4,3.22,0.49,67,100,63.91,39.8,88.78,1600,50.4,100,8744,797765,624581,38394
Bolivia,BOL,20353,0,74180,0,0,0,0,47111,0.3,0,0.8,0.08,0,0,0.67,0.1,10034830,206,203,2.1,36.9,4.5,0.42,99,114,0.3,427.41,206,0,0.45,48.4,96890,670420,0,0,797,0,103,20.2,5.9,12.2,2.77,-0.57,33,90,95.14,45.1,90.75,95000,50.3,90,7236,10887882,10640463,1083300
Bosnia and Herzegovina,BIH,8016,0,44693,0,0,0,0,1896,0.06,0.12,0.06,0.04,0,0,0.75,0.01,4326294,147,165,2.63,6,1.5,1.93,83,32,No data,957.4,11,No data,0.16,33.04,0,0,0,98300,5265,0,125,2.4,4.8,6.3,No data,-0.43,38,100,98.49,65.07,89.25,38000,94.8,99.9,12075,3516816,3793205,51000
Botswana,BWA,0,0,12027,0,0,0,0,3030,0.06,0.61,0.02,0.01,0,0,0.7,No data,0,56,79,0.59,40.6,11.2,0.34,97,326,21.9,870.84,129,0,0.44,60.46,0,0,3250,0,2149,0,99,26,2.9,3.6,2.75,0.51,61,56.5,88.22,27.5,158.53,40000,63.4,96.2,16735,2250260,2244915,566730
Brazil,BRA,5251,0,952133,0,0,0,0,1327636,0.39,0,0.72,0.6,0,4,0.75,0.01,1373944,687,588,0.04,15.1,2.2,1.89,96,42,0.6,1318.17,44,1,0.41,51.48,308547,51292,104140,0,10129,0,131,2.4,2.6,4.4,3.28,-0.18,37,99.7,92.59,59.08,118.92,900000,82.8,98.1,15128,207652864,200217866,8459420
Brunei Darussalam,BRN,0,0,922,0,193,0,516,0,0,0.12,0,0.14,0,0,0.87,No data,0,0,0,No data,9.9,9.6,1.44,98,66,0,1777.76,23,No data,No data,No data,0,0,0,0,0,0,125,2.4,3,4.7,2.62,1.07,62,100,96.66,71.2,120.67,1500,No data,No data,77441,423196,419238,5270
Bulgaria,BGR,14115,30,33066,0,0,0,0,0,0.03,0.15,0.05,0.02,0,0,0.79,No data,28351,0,0,No data,7.6,No data,3.87,92,27,0.1,1398.88,11,No data,0.22,36.01,0,0,0,0,18678,0,117,3.4,3.2,5.9,3.72,0.29,43,100,98.39,56.66,127.23,84000,86,99.4,19199,7127822,7096172,108560
Burkina Faso,BFA,0,0,51107,0,0,0,0,295342,0.21,0.12,0.65,0.25,0,0,0.4,0.51,129787892,360,365,8.98,84.6,26.2,0.05,88,51,0.8,82.31,371,103,0.62,35.3,28925,34893,12969,0,24406,0,128,20.2,8.4,11.8,3.72,-0.55,42,19.2,37.75,11.39,83.63,41000,19.7,82.3,1720,18646432,17934216,273600
Burundi,BDI,11311,0,32188,0,0,0,0,92803,0.18,0.09,0.84,0.77,0,0,0.4,0.44,145643690,168,559,24.85,71.7,29.1,No data,93,118,1.1,58.02,712,64,0.47,33.36,2870,193,810,175936,65037,57426,92,41.1,7,8.3,3.15,-1.4,22,7,85.5,4.87,48.04,6000,48,75.9,778,10524117,11163398,25680
Cabo Verde,CPV,0,0,No data,0,0,0,0,1212,0.09,0.42,0,0,0,0,0.65,No data,1572684,104,76,7.38,21.4,No data,0.31,92,137,0.8,310.12,42,0,No data,47.19,0,0,0,0,0,0,111,13.7,5.7,5.4,3.65,0.1,55,90.2,88.47,43.02,122.02,2400,72.2,91.7,6553,539560,519770,4030
Cambodia,KHM,0,0,297690,5,32965,543,9206,274242,0.18,0.06,0.4,0.06,0,0,0.56,0.15,14767755,468,478,3.88,30.6,23.9,0.17,81,345,0.6,183.23,161,4,0.48,30.76,0,2500000,0,0,70,0,112,15.3,7.8,4.7,2.3,-0.69,21,56.1,78.35,19,124.94,33000,42.4,75.5,3735,15762370,15124204,176520
Cameroon,CMR,127,0,122706,0,0,0,0,6027,0.12,0.06,0.93,0.78,0,0,0.52,0.26,375483180,394,472,2.4,79.7,15.1,0.08,78,203,3.8,121.92,596,65,0.57,46.54,30858,0,12890,241030,340325,0,121,7.9,7.8,10,3.97,-0.76,25,56.8,74.99,20.68,68.11,37000,45.8,75.6,3286,23439188,23282630,472710
Canada,CAN,25768,104,90878,64,23079,700,49,909,0.06,0.21,0.03,0.02,0,0,0.92,No data,100000,0,0,No data,4.9,No data,2.07,90,5,No data,4640.95,7,No data,0.1,33.68,13036,88300,59041,0,101256,0,139,2.4,1.3,7.1,3.87,1.8,82,100,No data,88.47,84.06,1200000,99.8,99.8,44025,36286424,34738817,9093510
Central African Republic,CAF,48,0,34997,0,0,0,0,0,0,0.03,0.97,0.91,5,0,0.35,0.42,564689119,278,256,28.42,123.6,23.5,0.05,49,407,4,24.96,882,115,0.65,56.24,1116,266,4907,534000,11957,30761,80,58.6,No data,No data,No data,-1.77,23,12.3,36.75,4.56,25.49,30000,21.8,68.5,699,4594621,4876551,622980
Chad,TCD,0,0,181717,0,0,0,0,165333,0.15,0.12,0.98,0.98,0,0,0.4,0.54,671564148,226,176,6.63,127.3,28.8,No data,58,153,1.3,79.02,856,153,0.69,43.32,0,0,1887452,103670,430754,0,102,32.5,8,No data,No data,-1.49,20,8,22.31,2.7,44.48,31000,12.1,50.8,1991,14452543,14026469,1259200
Chile,CHL,35471,27829,87130,952,0,0,0,0,0.03,0,0.11,0.07,0,0,0.85,No data,11036841,33,160,0.07,8.3,0.5,1.03,93,16,0.5,1749.36,22,No data,0.32,50.45,884066,100,14847,0,1736,0,122,3.7,2.6,7.4,3.72,1.02,67,100,96.63,64.29,127.12,150000,99.1,99,23960,17909754,17878199,743532
China,CHN,861794,162730,9310662,15125,10094027,2952617,2276167,15212121,0.97,0,0.65,0.55,0,0,0.74,0.02,1131612,-52,-216,-0.01,9.9,3.4,1.94,99,64,0.1,730.52,27,0,0.16,42.06,3777910,72387822,13100973,0,317238,0,129,9.6,3.3,8.1,4,0.36,41,100,96.36,50.3,96.88,1000000,76.5,95.5,15535,1378664960,1366940269,9327490
Colombia,COL,99742,3150,285820,543,16060,85,53774,3030,0.06,0.03,0.92,0.46,0,4,0.73,0.03,102112827,1288,989,0.4,15.3,3.4,1.47,93,32,0.4,961.89,64,1,0.39,53.5,859,2284,49664,7245689,258,188,125,7.1,2.7,4.5,3.78,0.02,37,97.8,94.58,55.9,117.09,120000,81.1,91.4,14158,48653420,48084714,1109500
Comoros,COM,0,0,No data,8,6789,820,0,0,0,0.06,0.08,0.04,0,0,0.5,0.17,221076,26,22,8.78,73.3,16.9,No data,99,35,0.1,100.82,335,70,No data,55.93,0,0,0,0,0,0,106,32,No data,No data,1.9,-1.54,27,73.8,78.14,7.46,57.66,690,35.8,90.1,1522,795601,787224,1861
Congo,COG,613,0,51777,0,0,0,0,0,0,0.03,0.56,0.19,0,0,0.59,0.19,0,34,33,1.19,54.1,12.3,0.09,80,378,3.1,322.63,442,104,0.59,48.94,0,0,0,81000,57004,0,100,28.2,6.3,18.8,No data,-1.1,21,43.2,79.31,7.62,113.35,5900,15,76.5,5719,5125821,4597247,341500
Congo DR,COD,33041,0,462444,0,0,0,0,9090,0.03,0.03,0.98,0.98,0,5,0.44,0.37,0,1410,980,6.76,94.3,23.4,No data,77,323,0.7,32.28,693,107,0.66,42.1,247563,15273,750,3750000,565181,22,80,58.6,No data,No data,2,-1.51,21,13.5,77.04,3.8,39.48,180000,28.7,52.4,801,78736152,77048729,2267050
Costa Rica,CRI,9743,9702,10938,282,2302,0,1921,0,0.09,0,0.01,0.01,0,0,0.78,No data,14415375,82,69,0.18,8.8,1.1,1.11,93,10,0.4,1389.34,25,0,0.31,48.53,28116,50000,3921,0,4414,0,117,5.6,3.2,7.6,4.42,0.36,59,99.4,97.65,59.76,159.23,23000,94.5,97.8,16614,4857274,4778659,51060
C“te d'Ivoire,CIV,0,0,103081,0,0,0,0,0,0,0.06,0.9,0.37,0,0,0.47,0.31,0,144,253,1.87,91.8,15.7,0.14,77,153,2.7,187.02,645,71,0.67,43.18,0,0,225,300889,1468,5288,127,15.4,6.7,8.8,1.87,-0.67,36,61.9,43.27,21,126.01,32000,22.5,81.9,3720,23695920,22593976,318000
Croatia,HRV,6778,508,42168,30,0,0,0,0,0.03,0.18,0.03,0.02,0,0,0.83,No data,1075614,0,0,No data,4.7,No data,3,90,12,0.1,1652.12,8,No data,0.14,31.98,1200,0,680,0,346,30,128,2.4,3.2,2.7,3.25,0.49,49,100,99.27,69.8,104.11,83000,97,99.6,23596,4170600,4199640,55960
Cuba,CUB,8353,995,19455,4,213381,57920,27898,27878,0.18,0.12,0.01,0.03,0,0,0.78,No data,27356322,167,2278,No data,5.5,No data,6.72,99,7,0.4,2474.62,39,No data,0.3,No data,100000,190000,10000000,0,325,0,143,2.4,No data,No data,4,-0.13,47,100,99.71,31.11,35.49,67000,93.2,94.9,20649,11475982,11360092,106440
Cyprus,CYP,1724,149,73,4,0,0,0,0,0.06,0.15,0.03,0.01,0,0,0.86,No data,0,0,0,No data,2.6,No data,2.33,90,6,0.1,2062.37,7,No data,0.12,34.31,0,0,0,272000,9238,0,107,4.7,2,12.7,No data,0.98,57,100,99.06,71.72,134.48,19000,100,100,32580,1170125,1156094,9240
Czech Republic,CZE,2453,0,55039,0,0,0,0,0,0,0.09,0.03,0,0,0,0.88,No data,0,0,0,No data,3.2,No data,3.62,98,5,0.1,2146.32,4,No data,0.13,26.13,0,0,0,0,3644,0,129,2.4,2.3,10.7,4.02,1.06,57,100,No data,81.3,115.47,210000,99.1,100,34711,10561633,10451327,77240
Denmark,DNK,0,0,3661,0,0,0,0,0,0.03,0.12,0,0,0,0,0.93,No data,10000000,0,0,No data,4.4,No data,3.48,94,6,0.2,4782.06,6,No data,0.04,29.08,0,0,0,0,34977,0,133,2.4,1.3,6,3.93,1.89,88,100,No data,96.33,122.89,150000,99.6,100,49696,5731118,5607763,42430
Djibouti,DJI,1613,0,167,1,0,0,0,29182,0.21,0.88,0.36,0.05,0,0,0.47,0.13,50374204,88,70,No data,64.2,29.8,0.23,75,335,1.3,337.96,229,28,No data,45.13,0,0,0,0,33525,0,118,12.8,No data,No data,2.8,-0.97,31,46.7,No data,11.92,37.82,2600,47.4,90,3342,942333,886748,23180
Dominica,DMA,43,0,No data,4,1171,123,417,0,0,0.12,0.01,0,0,0,0.73,No data,28891856,2,1,1.51,34,No data,1.77,96,8,No data,586.9,No data,No data,No data,No data,28594,0,71293,0,0,0,120,5.8,No data,No data,No data,0.05,57,100,No data,67.6,107.43,1000,81.1,94.4,10975,73543,72395,750
Dominican Republic,DOM,12509,5068,36834,10,196947,55592,14875,0,0,0.06,0.29,0.16,0,0,0.72,0.02,3871939,241,121,0.26,30.7,4,1.53,85,60,1,580.33,92,0,0.47,47.07,23333,1795400,32300,0,592,0,109,13.5,4.1,5.2,3.17,-0.25,29,98.5,92.47,51.93,80.83,29000,84,84.7,15209,10648791,10502883,48320
Ecuador,ECU,33015,12481,128314,931,0,0,0,4383,0.09,0.06,0.16,0.02,0,0,0.74,0.01,52763438,159,186,0.25,20.9,6.4,1.72,86,50,0.3,1039.76,64,0,0.39,45.38,931227,423466,0,0,102610,0,108,12.1,3.4,5.7,3.82,-0.43,32,99,94.35,48.94,84.3,62000,84.7,86.9,11286,16385068,15888205,248360
Egypt,EGY,112873,0,708457,197,0,0,0,0,0,0.18,0.74,0.28,0,4,0.69,0.02,144280973,107,172,0.65,22.8,7,2.83,95,14,0.1,594.11,33,No data,0.57,30.75,201,32572,0,78000,229196,0,152,4.5,7.5,9.8,3.32,-0.66,32,99.8,75.84,35.9,113.7,83000,94.7,99.4,11132,95688680,91359209,995450
El Salvador,SLV,11724,4939,10777,214,36553,869,1799,33333,0.15,0.03,0.65,0.47,0,4,0.68,No data,5297026,82,111,0.51,15,6.6,1.6,90,60,0.6,564.89,54,0,0.38,41.84,520000,0,0,0,43,0,114,12.3,4.3,3,2.93,-0.28,33,95.1,87.65,26.92,140.75,11000,75,93.8,8619,6344722,6112501,20720
Equatorial Guinea,GNQ,0,0,2549,0,0,0,0,0,0,0.21,0.31,0.26,0,0,0.59,No data,0,5,7,0.09,90.9,5.6,No data,30,181,6.2,1163.42,342,69,No data,No data,0,0,0,0,0,0,126,7,No data,No data,No data,-1.41,17,67.6,95.2,21.32,65.9,3200,74.5,47.9,25535,1221490,835912,28050
Eritrea,ERI,2886,0,32696,0,0,0,0,169696,0.09,0.55,0.5,0.15,0,0,0.42,No data,16462365,12,10,No data,44.5,38.8,No data,93,74,0.6,51.04,501,4,No data,No data,0,0,0,0,2381,0,99,28.8,No data,No data,No data,-1.69,20,45.8,73.85,1.08,7.29,4700,15.7,57.8,1411,5110444,5217210,101000
Estonia,EST,0,0,5462,0,0,0,0,0,0,0,0.01,0,0,0,0.87,No data,23229,0,0,No data,2.9,No data,3.24,93,16,1.3,1668.31,9,No data,0.13,33.15,0,0,0,0,402,0,129,2.4,2.8,7.4,No data,1.12,71,100,99.82,88.41,148.68,53000,97.2,99.6,29365,1316481,1234643,42390
Ethiopia,ETH,89933,0,330075,0,0,0,0,1914905,0.36,0.06,0.97,0.92,0,5,0.45,0.54,2379748513,1854,2051,5.65,58.4,25.2,0.02,70,177,1.1,72.96,353,48,0.5,33.17,10410600,493080,0,1696145,892516,0,99,28.8,6.3,9,3.85,-0.64,35,27.2,49.03,11.6,50.51,84000,28,57.3,1735,102403200,99265871,1000000
Fiji,FJI,943,0,No data,24,11027,428,0,10013,0.06,0.03,0.01,0.01,0,0,0.74,No data,44585727,67,86,2.42,22,No data,0.43,94,59,0.1,364.05,30,No data,0.36,42.78,67000,355000,0,0,11,0,123,4.6,5.1,8.3,4.95,-0.26,No data,100,No data,46.33,103.3,3400,91.1,95.7,9561,898760,802376,18270
Finland,FIN,0,0,No data,0,0,0,0,0,0,0,0,0,0,0,0.9,No data,0,0,0,No data,2.3,No data,2.9,94,5,No data,3701.14,3,No data,0.06,27.12,0,0,0,0,19939,0,134,2.4,1.6,6.2,4.12,1.85,85,100,No data,92.65,134.48,260000,97.6,100,43053,5495096,5438029,303890
France,FRA,10661,0,266264,21,0,0,0,0,0.09,0.09,0.04,0.09,0,0,0.9,No data,-512552,0,0,No data,3.9,No data,3.23,90,8,0.4,4508.13,8,No data,0.1,33.1,0,24,12172,0,321119,0,141,2.4,1.7,4.8,3.83,1.41,70,100,No data,84.69,103.45,1400000,98.7,100,41466,66896108,63690783,547660
Gabon,GAB,591,0,10718,0,0,0,0,0,0,0.09,0.89,0.2,0,0,0.7,0.07,0,84,25,0.32,47.4,6.5,No data,64,485,3.6,599.26,291,67,0.54,42.18,0,0,0,0,957,3,126,7,5.2,21,2.32,-0.79,32,89.5,83.24,23.5,144.17,4500,41.9,93.2,18108,1979786,1712861,257670
Gambia,GMB,0,0,6007,1,0,0,0,14881,0.09,0.06,0.11,0.09,0,0,0.45,0.29,3214267,23,22,9.78,65.3,16.4,0.04,97,174,1.7,118.43,706,84,0.64,47.33,0,0,0,0,7973,33,118,10.9,7.3,2.7,3.82,-0.84,30,47.2,55.57,17.12,139.63,4200,58.9,90.2,1689,2038501,1985865,10120
Georgia,GEO,8026,1487,31175,0,0,0,0,21090,0.03,0.21,0.2,0.09,0,0,0.77,0.01,1607074,204,177,3.39,10.7,1.1,4.27,93,92,0.5,627.74,36,0,0.36,40.09,10320,0,0,207765,2167,0,118,7,No data,No data,3.13,0.51,56,100,99.76,45.16,129.09,57000,86.3,100,9997,3719300,3964013,69490
Germany,DEU,8364,0,222082,0,0,0,0,0,0,0.03,0.04,0.04,0,0,0.93,No data,2764395,0,0,No data,3.8,1.1,3.89,97,8,No data,5182.11,6,No data,0.07,30.13,0,0,600,0,864686,0,136,2.4,1.5,5.6,3.93,1.74,81,100,No data,87.59,114.53,1800000,99.2,100,48730,82667688,80067798,348570
Ghana,GHA,0,0,80760,5,0,0,0,0,0,0.06,0.41,0.02,0,0,0.58,0.15,1227997,625,623,3.19,58.8,11,0.1,89,156,1.6,145.37,319,67,0.55,42.77,5465,172,1000022,0,12013,0,132,7.6,5.4,18.3,3.63,-0.2,40,78.3,76.58,23.48,139.13,42000,14.9,88.7,4294,28206728,27291161,227540
Greece,GRC,14134,829,11106,334,0,0,0,0,0.03,0.12,0.16,0.26,0,0,0.87,No data,1056058567,0,0,No data,3.8,No data,6.17,97,4,0.3,2098.05,3,No data,0.12,36.68,0,200,6875,0,41977,0,135,2.4,2.6,11.2,4.08,0.21,48,100,95.29,66.83,112.76,170000,99,100,26783,10746740,10832552,128900
Grenada,GRD,17,0,No data,0,576,45,0,0,0.03,No data,0.01,0,0,0,0.75,No data,0,4,5,0.85,16,No data,No data,95,6,No data,728.31,27,No data,No data,No data,0,0,0,0,1,0,100,25.5,3.4,No data,3.13,-0.18,52,90.8,No data,53.81,111.12,790,98,96.6,13928,107317,105981,340
Guatemala,GTM,33534,15991,75890,171,108765,8269,2041,128881,0.18,0,0.57,0.22,0,0,0.64,No data,26453373,216,233,0.4,28.5,12.6,0.93,86,24,0.5,472.85,88,0,0.49,48.66,57957,101,48322,256560,312,0,115,15.6,7.1,5.5,2.8,-0.6,28,85.5,79.07,27.1,115.34,21000,63.9,92.8,7947,16582469,16301556,107160
Guinea,GIN,0,0,67840,2,0,0,0,0,0.03,0.03,0.74,0.15,0,0,0.41,0.43,19746506,175,238,7.3,89,16.3,0.1,54,176,1.5,68.46,679,105,No data,33.73,30120,0,3409,0,5161,1,117,17.5,9.9,7.3,3,-1.01,27,27.6,30.47,4.7,85.33,34000,20.1,76.8,1311,12395924,12468813,245720
Guinea-Bissau,GNB,0,0,7369,1,0,0,0,4000,0.06,0.03,0.39,0.35,0,0,0.42,0.49,3434990,25,134,17.72,88.1,17,0.05,81,374,3.1,90.96,549,96,No data,50.66,0,0,0,0,9323,0,100,28.3,No data,No data,1.87,-1.64,17,17.2,59.77,3.54,70.26,3400,20.8,79.3,1582,1815698,1838219,28120
Guyana,GUY,0,0,5949,0,0,0,0,18400,0.09,0.09,0.02,0,0,0,0.64,0.03,0,18,14,2,32.4,8.5,0.21,99,93,1.6,378.79,229,24,0.51,No data,199000,0,3274,0,11,0,118,8.5,No data,No data,No data,-0.3,38,86.9,87.54,38.2,66.43,4200,83.7,98.3,7819,773303,745427,196850
Haiti,HTI,18643,0,30299,27,196274,21874,24634,170757,0.15,0.03,0.72,0.19,0,0,0.49,0.24,373050180,595,659,13.32,67,11.6,0.23,53,188,2.1,130.85,359,5,0.59,60.79,66969,5801040,90092,49648,5,0,95,46.8,9.7,3.4,2.33,-2.06,22,37.9,60.69,12.2,60.54,23000,27.6,57.7,1784,10847334,10681797,27560
Honduras,HND,16633,0,47293,64,53482,3831,2732,35070,0.27,0.03,0.5,0.09,0,0,0.63,0.1,14999313,205,211,2.06,18.7,7.1,No data,88,40,0.4,399.75,129,0,0.46,50.64,0,450651,48163,190000,22,0,115,14.8,4.8,4.8,2.92,-0.73,29,88.7,88.99,20.36,91.22,15000,82.6,91.2,4738,9112867,7892275,111890
Hungary,HUN,9377,0,108210,0,0,0,0,0,0.09,0.18,0.02,0.01,0,0,0.84,No data,0,0,0,No data,5.2,No data,3.08,99,9,No data,1826.68,17,No data,0.25,30.55,0,2282,1298,0,5069,0,121,2.4,2.4,5.8,4.43,0.45,45,100,99.38,72.83,119.11,160000,98,100,26681,9817958,9768186,90530
Iceland,ISL,501,120,No data,0,0,0,0,0,0,No data,0,0,0,0,0.92,No data,0,0,0,No data,2.1,No data,3.79,91,2,No data,3881.7,3,No data,0.05,26.94,0,0,0,0,308,0,133,2.4,1.8,5.4,No data,1.41,77,100,No data,98.2,118.01,24000,98.8,100,51399,334252,323554,100250
India,IND,819762,84880,9591465,4018,1624079,33569,1115992,29732575,0.21,0.12,0.95,0.34,0,0,0.62,0.28,21325537,2110,1662,0.12,43,43.5,0.7,88,211,0.3,267.41,174,4,0.53,33.9,16557569,3816813,27651955,800980,196662,0,109,14.5,4.7,8.4,4.27,0.1,40,79.2,72.23,26,86.95,730000,39.6,94.1,6572,1324171392,1309444627,2973190
Indonesia,IDN,428042,7304,1319176,10468,113406,8303,537898,32818,0.18,0.03,0.89,0.34,0,0,0.69,0.02,32047742,5,-49,-0.01,26.4,19.9,0.2,76,391,0.4,299.41,126,10,0.47,35.57,438630,481805,512707,7160,8819,0,123,7.9,6.7,10.7,3.67,0.01,37,97,95.38,21.98,149.13,180000,60.8,87.4,11612,261115456,256821038,1811570
Iran,IRN,163073,89869,311210,71,670,0,4425,1121212,0.03,0.18,0.66,0.43,0,0,0.77,No data,60428094,91,76,0.03,15.1,No data,0.89,99,14,0.1,1081.67,25,0,0.51,37.35,26430,2000,213262,0,978698,3,129,5.5,4.5,13,3.23,-0.2,30,99.4,87.17,44.08,100.07,160000,90,96.2,17046,80277424,78957672,1628550
Iraq,IRQ,36033,4306,533473,0,0,0,0,0,0.03,0.18,1,0.99,5,0,0.65,0.05,3446477286,1203,1889,1.34,31.2,8.5,0.61,66,43,No data,667.01,50,No data,0.53,29.54,67217,0,5969,2317698,279050,507,110,27.8,5.1,16.4,1.63,-1.26,18,98.8,79.72,17.22,82.18,48000,85.6,86.6,17353,37202572,36311217,434320
Ireland,IRL,0,0,14297,3,0,0,0,0,0,0.03,0,0,0,0,0.92,No data,793458,0,0,No data,3.6,No data,2.79,92,7,0.2,3801.06,8,No data,0.13,32.52,0,0,100,0,5731,0,146,2.4,1.2,3.3,No data,1.35,74,100,No data,80.12,103.65,110000,90.5,97.9,68883,4773095,4628717,68890
Israel,ISR,16681,0,4280,8,0,0,0,0,0.03,0.48,0.56,0.12,0,0,0.9,No data,919497,0,0,No data,3.6,No data,3.34,97,4,No data,2599.13,5,No data,0.1,42.78,200,60137,0,0,35851,0,160,2.4,2.2,5.9,No data,1.35,62,100,No data,78.89,131.67,46000,100,100,37901,8547100,8038376,21640
Italy,ITA,84395,0,142120,409,0,0,0,0,0.09,0.12,0.04,0.07,0,0,0.89,No data,410233,0,0,No data,3.3,No data,3.76,85,6,0.3,3238.89,4,No data,0.08,35.16,550,30573,3650,0,157839,0,142,2.4,2,5,4.03,0.52,50,100,99.02,65.57,140.43,710000,99.5,100,38161,60600592,59362802,294140
Jamaica,JAM,3367,0,5913,0,51293,5964,15794,2774,0.06,0.06,0.06,0.01,0,0,0.73,0.01,399726,23,17,0.2,15.3,2.5,0.41,95,5,1.7,476.18,89,No data,0.42,45.46,0,125000,0,0,15,0,114,8.4,5,7,3.68,0.41,44,97.1,88.5,43.18,115.57,8300,81.8,93.8,8835,2881355,2773953,10830
Japan,JPN,207695,113310,34751,36837,2341946,1488442,1284251,0,0,0.03,0.03,0.02,0,0,0.9,No data,0,0,0,No data,2.7,3.4,2.3,96,16,0.1,3726.68,5,No data,0.12,32.11,117266,436528,42848,0,2530,0,112,2.4,1.9,5.6,4.23,1.83,73,100,No data,93.33,129.75,1400000,100,100,41470,126994512,126051017,364500
Jordan,JOR,15914,0,7196,0,0,0,0,10000,0.06,0.3,0.12,0.02,0,0,0.74,0,1728156333,1481,1833,7.14,17.6,3,2.56,96,6,0.1,797.59,58,No data,0.48,33.66,0,0,0,0,2983329,0,132,4.2,4.5,6.1,2.55,0.14,48,100,98.01,53.4,196.31,29000,98.6,96.9,9050,9455802,7577449,88780
Kazakhstan,KAZ,15417,8644,92048,0,0,0,0,0,0,0.39,0.18,0.02,0,0,0.79,0,5159519,8,4,0.05,11.4,3.7,3.62,99,67,0.2,1068.06,12,No data,0.2,26.35,12670,0,0,0,622,0,137,2.4,No data,No data,3.47,-0.06,31,100,99.79,72.87,149.99,160000,97.5,92.9,25264,17797032,17570219,2699700
Kenya,KEN,29409,0,138079,33,0,0,0,1503169,0.36,0.12,0.93,0.52,0,0,0.56,0.17,541553284,1496,1389,3.13,49.2,11,0.2,75,348,5.4,168.98,510,50,0.56,48.51,248758,1265600,25001,138428,485470,0,104,19.1,5.8,6,3.45,-0.31,28,36,78.02,45.62,81.28,60000,30.1,63.2,3156,48461568,44544820,569140
Kiribati,KIR,0,0,No data,4,1,0,0,2545,0.03,No data,0.02,0,0,0,0.59,No data,200000,39,37,24.11,54.3,14.9,0.38,80,566,No data,183.56,90,No data,No data,37.61,1500,0,0,0,0,0,139,3.3,No data,No data,No data,-0.45,No data,48.1,No data,13,51.31,750,39.7,66.9,2047,114395,109552,810
Korea DPR,PRK,165,0,251318,1,312442,34210,50418,636363,0.06,0,0.14,0.12,0,0,No data,No data,0,32,26,No data,20,15.2,No data,99,513,No data,No data,82,0,No data,No data,18003541,600000,0,0,0,0,88,40.8,No data,No data,No data,-1.65,17,32.4,100,0,14.26,35000,81.9,99.7,1700,25368620,25092394,120410
Korea Republic of,KOR,0,0,67267,345,938164,250712,64336,0,0.03,0,0.25,0.05,0,0,0.9,No data,742259,0,0,No data,3.4,0.6,2.14,98,77,No data,2530.57,11,0,0.07,No data,185,31332,5057,0,2051,0,135,2.4,1.9,9.1,4.4,1.07,54,100,97.97,89.9,122.65,100000,100,97.6,35751,51245708,50194512,97100
Kuwait,KWT,7159,0,684,0,0,0,0,0,0,0.18,0.05,0.01,0,0,0.8,No data,0,0,0,No data,8.4,3,2.7,93,24,0.1,2319.6,4,No data,0.33,No data,0,0,0,0,844,0,140,2.4,2.6,3.7,No data,-0.18,39,100,96.12,82.08,146.55,9300,100,99,73817,4052584,3885868,17820
Kyrgyzstan,KGZ,12357,12127,39819,0,0,0,0,60606,0.03,0.27,0.52,0.02,0,0,0.66,0.01,2529362,172,121,8.19,21.1,2.8,1.97,97,145,0.2,215.06,76,0,0.39,26.82,16780,0,5055,0,350,0,120,6.4,No data,No data,3.53,-0.9,29,99.8,99.5,30.25,131.38,38000,93.3,90,3551,6082700,5924973,191800
Lao PDR,LAO,6641,0,121981,0,59911,3029,0,22727,0.12,0,0.19,0.02,0,0,0.59,0.19,2889013,349,246,2.63,63.9,26.5,0.18,76,175,0.3,98.47,197,10,0.47,37.89,47940,26328,0,0,0,0,106,17.1,8.6,3.6,2.57,-0.39,29,78.1,79.87,18.2,55.39,25000,70.9,75.7,6186,6758353,6771085,230800
Latvia,LVA,0,0,21696,0,0,0,0,0,0,0.12,0.01,0,0,0,0.83,No data,0,0,0,No data,4.6,No data,3.58,93,37,0.7,940.3,18,No data,0.19,35.48,0,0,0,0,546,0,132,2.4,2.9,7.9,No data,1,58,100,99.89,79.2,131.16,56000,87.8,99.3,26031,1960424,1961791,62200
Lebanon,LBN,12122,0,631,17,0,0,0,0,0,0.15,0.81,0.13,0,4,0.76,No data,2546500574,722,856,2.33,8.1,No data,3.2,79,12,0.1,987.39,15,No data,0.38,No data,1001692,0,0,15000,1512991,0,125,5.4,No data,No data,3.12,-0.53,28,100,94.05,74,96.37,11000,80.7,99,13996,6006668,5832086,10230
Lesotho,LSO,0,0,7939,0,0,0,0,91242,0.15,0.09,0.42,0.04,0,0,0.5,0.23,33815939,36,63,4.35,93.5,10.3,No data,90,724,25,276.04,487,No data,0.55,54.18,0,979000,0,0,59,0,111,14.5,4.4,6.4,1.63,-0.8,42,27.8,79.36,16.07,106.57,5500,30.3,81.8,3029,2203821,2123729,30360
Liberia,LBR,0,0,41764,4,0,0,0,0,0,0.03,0.24,0.08,0,0,0.43,0.36,24463456,649,530,44.78,67.4,15.3,0.01,80,308,1.6,98.29,725,69,0.65,36.48,0,15431,0,0,11150,0,96,42.8,No data,No data,No data,-1.32,31,9.1,47.6,5.9,83.1,8700,16.9,75.6,813,4613823,4462363,96320
Libya,LBY,10628,0,5137,93,0,0,0,0,0,0.55,1,0.9,5,0,0.72,0.01,300967866,64,101,No data,12.9,5.6,1.9,97,40,No data,806.23,9,No data,0.17,No data,0,0,0,165478,9450,0,133,5.3,No data,No data,No data,-1.89,17,98.4,91.39,19.02,119.78,62000,96.6,No data,14154,6293253,6245460,1759540
Liechtenstein,LIE,85,0,No data,0,0,0,0,0,0,No data,0,0.01,0,0,0.91,No data,0,0,0,No data,No data,No data,No data,No data,No data,No data,No data,No data,No data,No data,No data,0,0,0,0,177,0,No data,2.4,No data,No data,No data,1.7,No data,100,No data,96.64,116.4,1100,No data,No data,No data,37666,37113,160
Lithuania,LTU,0,0,16132,0,0,0,0,0,0.06,0.15,0,0,0,0,0.85,No data,0,0,0,No data,5.3,No data,4.12,94,53,0.2,1718.02,10,No data,0.12,35.15,0,0,0,0,1283,0,141,2.4,3.5,5.5,No data,1.09,59,100,99.82,71.38,140.71,88000,92.4,96.6,29966,2872298,2866429,62674
Luxembourg,LUX,0,0,996,0,0,0,0,0,0,0,0,0,0,0,0.9,No data,0,0,0,No data,2.4,No data,2.92,99,6,No data,6812.08,10,No data,0.07,34.79,0,0,0,0,2046,0,138,2.4,1.3,8.9,No data,1.69,82,100,No data,97.33,147.84,14000,97.6,100,105882,582972,561653,2590
Madagascar,MDG,0,0,236148,162,370752,74834,44965,111372,0.21,0.03,0.08,0.02,0,0,0.51,0.42,129392989,317,264,6.48,46.4,No data,0.16,58,237,0.2,43.7,353,41,No data,40.63,206437,1140000,436637,0,43,0,90,42.3,7.1,3.5,3.13,-1.17,24,16.8,64.66,4.17,41.79,46000,12,51.5,1506,24894552,23057804,581540
Malawi,MWI,15143,0,73829,0,6336,0,0,856930,0.24,0.09,0.14,0.03,0,0,0.48,0.27,212955261,581,703,23.56,55.1,16.7,0.02,81,159,9.2,93.48,634,63,0.61,46.12,3439688,2800,55921,0,11977,0,105,25.9,7.6,23.6,3.42,-0.73,31,11.9,65.96,9.3,40.32,18000,41,90.2,1169,18091576,16936702,94280
Malaysia,MYS,23035,0,180134,53,3239,0,19722,66818,0.06,0.06,0.22,0.01,0,0,0.79,No data,1141543,-17,-64,-0.02,8.3,12.9,1.2,96,92,0.4,1040.23,40,1,0.29,46.26,3010,31841,21981,0,95903,0,127,2.4,2.9,4.3,3.95,0.88,47,100,94.64,71.06,141.17,69000,96,98.2,27681,31187264,30172021,328550
Maldives,MDV,0,0,No data,121,0,0,0,0,0,No data,0.01,0.01,0,0,0.7,0.01,202182,16,14,0.59,8.5,17.8,1.41,99,49,0.1,1995.84,68,No data,0.31,36.78,0,0,0,0,0,0,120,8.5,3.5,14.2,2.68,-0.33,33,100,99.32,54.46,222.99,680,97.9,98.6,13199,417492,357602,300
Mali,MLI,0,0,149312,0,0,0,0,164454,0.18,0.09,0.96,0.92,4,0,0.44,0.46,435843086,657,668,8.92,110.6,27.9,0.08,75,56,1,108.1,587,92,0.69,33.04,2000,9500,0,51961,17586,60185,147,4,7.7,9.4,3.05,-0.99,31,27.3,33.07,10.34,120.31,110000,24.7,77,2117,17994836,17010512,1220190
Malta,MLT,0,0,No data,9,0,0,0,0,0,0.15,0,0,0,0,0.86,No data,254582,0,0,No data,6.8,No data,3.91,93,13,0.1,3071.63,9,No data,0.22,No data,0,0,0,0,8314,0,133,2.4,2.6,8.6,No data,0.95,56,100,94.07,76.18,124.82,2700,100,100,37899,436947,416897,320
Marshall Islands,MHL,0,0,No data,1,10,0,0,829,0.06,No data,0.01,0.13,0,0,No data,No data,2846987,55,13,4.75,35.4,13,0.44,75,422,No data,679.57,No data,No data,No data,No data,0,21000,0,0,0,0,30,3.3,No data,No data,2.08,-1.56,No data,90,98.27,19.28,29.25,260,76.9,94.6,4072,53066,50924,180
Mauritania,MRT,0,0,48521,1,0,0,0,91785,0.15,0.33,0.53,0.41,0,0,0.51,0.29,83065811,101,68,6.29,81.4,19.5,0.13,70,102,0.5,148.11,602,67,0.63,32.42,0,0,3893814,0,81034,0,133,5.3,10.1,3.1,3.07,-0.79,28,38.8,52.12,15.2,86.52,15000,40,57.9,3854,4301018,3919015,1030700
Mauritius,MUS,0,0,No data,6,23666,17436,429,0,0.03,0.06,0.02,0,0,0,0.78,No data,0,39,8,0.35,13.7,No data,No data,92,22,0.9,896.16,53,No data,0.38,35.84,0,0,0,0,3,0,127,5.2,4.9,11.7,3.7,0.96,50,99.2,90.62,50.14,144.24,2800,93.1,99.9,21088,1263473,1267997,2030
Mexico,MEX,173417,28381,552683,124,1534201,516570,87482,77727,0.18,0.03,0.97,0.67,0,5,0.76,0.02,12054386,256,642,0.08,14.6,2.8,2.1,96,22,0.3,1121.99,38,0,0.35,48.21,21791,74500,3769,310527,7186,0,130,4.2,3.7,4.7,2.97,0.14,29,99.2,94.55,57.43,88.23,360000,85.2,96.1,17862,127540424,125838549,1943950
Micronesia,FSM,26,0,No data,2,916,138,154,3903,0.06,0.39,0.01,0.01,0,0,0.64,No data,40558800,75,38,13.22,33.3,15,0.18,70,177,No data,472.65,100,No data,No data,No data,35000,100000,0,0,4,0,30,3.3,No data,No data,2.6,-0.35,No data,71.7,No data,31.5,22.25,380,57.1,89,3593,104937,99242,700
Moldova Republic of,MDA,6877,0,33017,0,0,0,0,6551,0.09,0.21,0.06,0.01,0,0,0.7,0,0,199,93,4.58,15.9,2.2,2.98,88,101,0.6,514.21,23,No data,0.23,26.83,0,0,0,0,408,0,105,8.5,4.8,5.7,2.53,-0.62,31,100,99.24,49.84,110.99,42000,76.4,88.4,5334,3552000,4034138,32854
Mongolia,MNG,1877,382,17605,0,0,0,0,13636,0.03,0.24,0.08,0.02,0,0,0.74,0.05,11765367,197,289,3.12,17.9,1.6,2.84,98,183,0.1,565.07,44,No data,0.28,32.04,965000,157000,0,0,8,0,106,19.6,4.8,16.7,2.95,-0.11,36,85.6,98.37,21.44,113.63,65000,59.7,64.4,12220,3027398,2844357,1553560
Montenegro,MNE,1004,0,5133,10,0,0,0,0,0,0.12,0.01,0.01,0,0,0.81,0,27990,17,23,1.93,3.8,1,2.34,47,16,0.1,888.17,7,No data,0.16,31.93,0,0,200,0,919,0,149,2.4,5.6,No data,3.4,0.1,46,100,98.72,64.56,167.48,11000,95.9,99.7,16854,622781,622232,13450
Morocco,MAR,13537,0,152079,104,0,0,0,8333,0.06,0.27,0.49,0.29,0,0,0.65,0.07,5793181,685,942,1.96,27.1,3.1,0.62,99,103,0.1,446.64,121,No data,0.49,40.72,0,750000,1650000,0,5167,0,145,3.5,5.7,4.9,2.75,-0.1,40,91.6,71.71,57.08,120.72,130000,76.7,85.4,7838,35276784,34276871,446300
Mozambique,MOZ,7310,0,193742,38,106049,3905,51126,282045,0.33,0.18,0.55,0.21,0,0,0.42,0.39,128349201,1060,1057,14.23,71.3,15.6,0.04,91,551,12.3,79.32,489,71,0.57,45.58,177645,2473300,750102,0,4787,6231,109,26.6,8.6,6.7,4.15,-0.85,25,21.2,58.84,9,66.25,41000,20.5,51.1,1217,28829476,27811023,786380
Myanmar,MMR,105139,27385,902754,1125,195162,2033,108464,0,0,0.06,0.98,0.66,0,5,0.56,No data,387416042,880,1066,2.51,50.8,22.6,0.61,91,361,0.8,103.47,178,11,0.37,No data,9015200,953350,199520,618327,0,189,112,16.9,8.5,8.1,2.15,-0.98,30,52,75.55,21.8,89.26,47000,79.6,80.6,5773,52885224,53781311,653290
Namibia,NAM,0,0,20198,0,0,0,0,51339,0.21,0.27,0.07,0.01,0,0,0.64,0.2,1250000,113,130,1.59,45.2,13.2,0.37,85,446,13.8,869.3,265,0,0.47,60.97,11500,0,2502,0,1972,8,96,28.8,3.5,7.2,3.3,0.17,51,49.6,90.82,22.31,109.19,58000,34.4,91,10585,2479713,2304188,823290
Nauru,NRU,0,0,No data,0,0,0,0,0,0,No data,0.01,0,0,0,No data,No data,0,28,19,18.31,34.6,4.8,0.71,98,112,No data,511.54,No data,No data,No data,No data,0,0,0,0,506,0,30,3.3,No data,No data,1.77,-0.69,No data,99.2,No data,54,97.3,46,65.6,96.5,13970,13049,10200,21
Nepal,NPL,59595,41262,177257,0,429,0,0,15242,0.06,0.06,0.66,0.19,0,0,0.56,0.12,49042276,666,573,4.97,34.5,29.1,No data,83,154,0.2,137.4,258,0,0.5,32.75,5640301,20574,1713634,50000,23566,0,121,8.1,9.5,10.2,2.85,-0.81,31,84.9,64.66,17.58,111.7,22000,45.8,91.6,2468,28982772,28037446,143350
Netherlands,NLD,1233,0,89711,0,0,0,0,0,0,0.03,0,0,0,0,0.92,No data,0,0,0,No data,3.8,No data,2.86,94,6,0.2,5201.7,7,No data,0.04,27.99,0,0,0,0,101744,0,126,2.4,1.4,5.6,4.32,1.84,82,100,No data,93.1,129.95,210000,97.7,100,50898,17018408,16801212,33730
New Zealand,NZL,7591,3621,12538,28,8687,0,6035,0,0.06,0.06,0.01,0,0,0,0.92,No data,-11745,0,0,No data,5.4,No data,2.73,92,7,0.1,4018.31,11,No data,0.16,No data,500,350,2200,0,1467,0,121,2.4,2,No data,3.95,1.86,89,100,No data,88.22,124.98,110000,No data,100,39059,4692700,4360150,263310
Nicaragua,NIC,11660,5383,39146,248,19142,279,4346,30696,0.15,0.06,0.28,0.07,0,0,0.65,0.09,4336616,151,176,3.26,19.7,5.7,0.84,99,48,0.2,444.62,150,0,0.46,47.05,3750,10570,39200,0,330,0,116,17,4.5,6.4,3.13,-0.7,26,81.9,82.47,19.7,122.14,18000,67.9,87,5541,6149928,6068622,120340
Niger,NER,0,0,173417,0,0,0,0,688217,0.24,0.12,0.96,0.87,4,0,0.35,0.58,529094215,339,372,No data,91.3,37.9,0.02,74,93,0.4,53.53,553,131,0.7,33.99,2678535,126344,1343203,129015,165971,0,123,11.3,7.2,9.4,2.9,-0.59,33,14.3,19.1,2.22,48.87,49000,10.9,58.2,978,20672988,19875569,1266700
Nigeria,NGA,0,0,1044508,0,0,0,0,0,0,0.03,0.99,0.97,5,5,0.53,0.28,1727536689,1124,1230,0.63,104.3,19.8,0.4,51,219,2.9,216.87,814,107,No data,42.97,102528,17255,12204,1782490,1415,205430,121,7.9,6.3,4,3.9,-1.09,27,57.7,59.57,47.44,81.82,98000,29,68.5,5867,185989632,181804659,910770
Norway,NOR,155,0,No data,0,0,0,0,0,0,0,0,0.01,0,0,0.95,No data,0,0,0,No data,2.6,No data,4.28,96,6,0.2,6346.62,5,No data,0.05,25.9,0,0,0,0,60118,0,136,2.4,1.5,11.3,4.08,1.88,85,100,No data,96.81,110.07,140000,98.1,100,59302,5232929,5100635,304250
Oman,OMN,8155,74,11898,1095,7181,0,20752,0,0,0.39,0.04,0.01,0,0,0.8,No data,0,0,0,No data,10.7,8.6,2.43,99,9,0.2,1441.97,17,No data,0.28,No data,6000,0,0,0,315,0,123,6.2,3.3,9.2,No data,0.19,44,100,93.97,74.17,159.22,42000,96.7,93.4,42737,4424762,4482020,309500
Pakistan,PAK,374608,6607,2122351,81,87763,8,25733,66666,0.03,0.18,0.98,0.74,4,0,0.55,0.24,504670977,1688,1722,1,78.8,31.6,0.83,61,268,0.1,128.99,178,2,0.55,29.59,2160165,11095,63368,280319,1406794,19,110,19.9,7.1,13.2,3.38,-0.64,32,97.5,56.44,18,71.39,100000,63.5,91.4,5249,193203472,188664885,770880
Palau,PLW,3,0,No data,1,345,38,45,0,0,0.12,0.01,0,0,0,0.79,No data,713379,9,13,6.26,15.9,2.2,1.38,96,123,No data,1428.88,No data,No data,No data,No data,0,0,0,0,5,0,30,3.3,No data,No data,2.63,-0.41,No data,99.8,99.52,No data,111.52,280,100,95.3,15373,21503,20963,460
Palestine,PSE,8251,0,3369,8,0,0,0,0,0,0,0.06,0.04,0,0,0.68,0.01,1060016012,918,1285,16.04,19.4,1.4,2.02,99,1,No data,No data,45,No data,No data,34.46,31050,0,0,173322,2432789,0,121,9.6,No data,No data,2.7,-0.62,No data,99.9,96.93,57.42,76.81,17000,92.3,58.4,2943,4551566,4656303,6020
Panama,PAN,5414,1190,6529,220,1197,0,3598,0,0.06,0.03,0.03,0,0,0,0.79,No data,10983690,-3,-1,0.04,16.4,3.9,1.59,90,55,0.8,1676.95,94,0,0.46,50.7,3500,12000,750,0,17373,0,120,9.3,3,2.1,3.3,0.19,37,91.6,95.04,51.21,172.3,12000,75,94.7,23015,4034119,3851354,74340
Papua New Guinea,PNG,13530,1211,41534,97,2307,0,7758,91515,0.06,0,0.47,0.08,0,0,0.52,No data,30090420,455,420,2.64,54.3,27.9,0.06,70,432,0.9,109.49,215,40,0.59,43.88,2029199,0,0,8420,9547,0,101,13.9,No data,No data,2.33,-0.73,29,20.3,63.43,7.9,48.56,14000,18.9,40,2761,8084991,7596348,452860
Paraguay,PRY,0,0,29139,0,0,0,0,53875,0.21,0,0.19,0.05,0,0,0.69,No data,5119684,34,29,0.34,19.9,2.6,1.23,99,42,0.5,872.93,132,0,0.46,51.67,150175,0,0,0,214,0,110,12,4.3,11.2,3.52,-0.77,29,99,95.54,44.38,104.77,74000,88.6,98,9577,6725308,6721983,397300
Peru,PER,52408,25386,181407,1599,0,0,0,100651,0.15,0.09,0.27,0.02,0,0,0.74,0.04,26678341,294,245,0.17,15.3,3.5,1.13,88,117,0.3,656.18,68,1,0.39,44.14,351260,21493,2076353,62237,1746,0,121,7.9,3.9,3.4,3.55,-0.17,37,92.9,94.17,40.9,117.06,84000,76.2,86.7,13022,31773840,30954875,1280000
Philippines,PHL,155287,90565,484210,3150,1672238,1181120,753194,122365,0.18,0.03,0.93,0.69,0,5,0.68,0.03,81199538,534,272,0.08,27.1,20.2,No data,80,554,0.1,328.87,114,0,0.44,43.04,4016201,5534812,1908297,499276,451,0,117,13.8,6.8,2.6,3.62,-0.01,34,89.1,96.62,40.7,109.17,150000,73.9,91.8,7806,103320224,99622248,298170
Poland,POL,2968,0,171179,0,0,0,0,0,0,0.09,0.01,0.01,0,0,0.86,No data,100000,0,0,No data,4.7,No data,2.22,96,18,0.1,1570.45,3,No data,0.14,32.08,0,3,0,0,12002,0,138,2.4,2.7,7,3.28,0.69,60,100,99.79,68,146.21,610000,97.2,98.3,27811,37948016,38348330,304150
Portugal,PRT,16937,0,17630,7,414,0,0,0,0.06,0.12,0,0.01,0,0,0.84,No data,262877,0,0,No data,3.5,No data,4.1,98,20,No data,2689.94,10,No data,0.09,36.04,0,1161,3404,0,1194,0,140,2.4,2.5,9,3.95,1.22,63,100,95.43,68.63,109.09,160000,99.7,100,30624,10324611,10268976,91470
Qatar,QAT,416,0,0,0,0,0,0,0,0,0.18,0.01,0.01,0,0,0.86,No data,0,0,0,No data,8.5,No data,7.74,99,23,0.1,3071.19,13,No data,0.54,No data,0,0,0,0,188,0,140,4.4,1.8,6.3,3.13,0.75,63,100,97.76,92.88,147.1,11000,98,100,127523,2569804,2231272,11610
Romania,ROU,38568,2305,171442,0,0,0,0,0,0.03,0.15,0.13,0.1,0,0,0.8,No data,0,0,0,No data,9,No data,2.45,86,74,0.1,1079.26,31,No data,0.34,27.33,1500,300,137,0,3423,0,135,2.4,3.7,4.3,3.5,-0.17,48,100,98.76,55.76,106.43,200000,79.1,100,23626,19705300,19322363,230160
Russian Federation,RUS,36140,10414,1004982,48,17905,533,9021,30303,0.15,0.15,0.91,0.86,0,0,0.8,No data,344747,0,0,No data,7.7,No data,4.31,98,66,No data,1835.71,25,No data,0.27,41.59,7477,11696,15922,19327,188374,3,136,2.4,4.3,5.2,No data,-0.22,29,100,99.72,73.41,163.26,1900000,72.2,96.9,23163,144342400,142739873,16376870
Rwanda,RWA,11724,0,43591,0,0,0,0,74440,0.15,0.12,0.61,0.21,0,0,0.5,0.25,82968548,555,496,14.06,38.5,11.7,0.06,95,50,3.1,125.07,290,33,0.38,51.34,3431,4000,6553,0,163177,4844,96,41.1,8.6,10.5,3.8,0.11,55,19.8,71.24,18,69.92,8100,61.6,76.1,1913,11917508,11590557,24670
Saint Kitts and Nevis,KNA,0,0,No data,0,952,301,207,0,0,0.27,0,0.01,0,0,0.77,No data,0,0,0,No data,9.3,No data,No data,98,0,No data,1151.67,No data,No data,No data,No data,0,0,0,0,0,0,101,6,2.9,No data,3.4,0.14,No data,100,No data,75.7,136.87,430,87.3,98.3,26686,54821,54979,260
Saint Lucia,LCA,250,0,No data,0,2487,355,307,0,0.03,0.09,0,0.01,0,0,0.74,0,0,4,6,0.98,13.3,2.8,1.29,99,2,No data,698.3,48,No data,0.35,No data,0,1250,0,0,2,0,106,17,3.4,12.3,2.92,0.01,55,98.2,No data,52.35,94.82,690,90.5,96.3,11546,178015,184254,610
Saint Vincent and the Grenadines,VCT,13,0,No data,0,1373,193,110,0,0.03,No data,0,0,0,0,0.72,No data,125000,3,3,1.2,16.6,No data,0.95,99,6,No data,916.55,45,No data,No data,No data,0,25000,0,0,0,0,121,6,3.4,4.8,No data,0.21,58,99,No data,51.77,102.98,410,76.1,95.1,11606,109643,108680,390
Samoa,WSM,0,0,No data,3,3214,338,0,0,0.03,No data,0,0,0,0,0.7,No data,120811,55,58,11.41,17.3,2.7,0.48,68,8,No data,417.81,51,No data,0.44,42.69,0,0,0,0,0,0,129,3.2,No data,No data,3.15,0.54,No data,97.9,99.02,25.41,69.19,1600,91.5,99,6345,195125,192798,2830
Sao Tome and Principe,STP,0,0,No data,0,0,0,0,0,0,0.39,0.01,0.01,0,0,0.57,0.22,0,28,18,13.68,33.8,14.4,No data,93,99,0.8,299.73,156,43,0.52,30.82,0,0,0,0,0,0,110,13.5,9.1,No data,No data,-0.68,46,68.6,91.75,25.82,85.28,640,34.7,97.1,3229,199910,189881,960
Saudi Arabia,SAU,6472,0,26828,0,0,0,0,0,0,0.24,0.49,0.2,0,0,0.85,No data,0,0,0,No data,12.9,5.3,2.49,98,10,0.1,2465.98,12,0,0.26,No data,0,1037,481,0,30140,0,139,4.4,2.9,3.8,No data,0.24,49,100,94.84,69.62,157.6,130000,100,97,54431,32275688,31472107,2149690
Senegal,SEN,0,0,56458,18,0,0,0,53748,0.09,0.3,0.37,0.03,0,0,0.49,0.28,19052853,578,415,5.19,47.1,12.8,0.06,93,140,0.4,106.94,315,59,0.52,40.28,0,10646,0,24000,14565,0,112,11.3,8.4,8.7,3.12,-0.47,45,61,55.62,21.69,98.68,23000,47.6,78.5,2568,15411614,15109447,192530
Serbia,SRB,14266,0,96338,0,0,0,0,0,0,0.15,0.38,0.21,0,0,0.78,0,51515647,147,175,1.75,5.8,1.8,2.11,82,19,0.1,1312.22,17,No data,0.18,29.65,0,8421,0,0,33704,95,110,5.6,4,8.5,3.03,0.09,41,100,98.84,65.32,120.62,66000,96.4,99.2,14512,7057412,6831426,87460
Seychelles,SYC,0,0,No data,6,0,0,0,0,0,No data,0,0,0,0,0.78,No data,0,4,-9,0.4,14.3,3.6,1.07,97,15,No data,844.34,No data,No data,No data,42.77,0,253,0,0,0,0,100,5.2,6.7,7.2,3.28,0.36,60,99.5,95.32,58.12,161.23,380,98.4,95.7,28391,94677,96294,460
Sierra Leone,SLE,0,0,31698,2,0,0,0,0,0,0.06,0.67,0.19,0,0,0.42,0.41,37930559,537,401,20.68,113.5,18.1,0.02,83,304,1.7,223.74,1360,109,0.65,33.99,24303,0,8100,0,693,0,105,30.9,6.8,3.3,3.62,-1.2,30,13.1,48.43,2.5,97.62,15000,13.3,62.6,1473,7396190,6411978,71620
Singapore,SGP,0,0,No data,0,0,0,0,0,0,0.24,0.02,0,0,0,0.93,No data,0,0,0,No data,2.8,No data,1.95,95,51,0.1,4046.98,10,No data,0.07,No data,0,13051,0,0,0,0,127,2.4,1,4,4.53,2.21,84,100,97.05,82.1,146.92,5600,100,100,87856,5607283,5595207,700
Slovakia,SVK,8916,0,53493,0,0,0,0,0,0,0.12,0.01,0,0,0,0.85,No data,0,0,0,No data,5.9,No data,3.32,95,6,0.1,2179.05,6,No data,0.18,26.12,0,0,0,0,984,0,118,3.1,2.6,9.2,3.65,0.89,50,100,No data,85.02,127.99,84000,98.8,100,30632,5428704,5373096,48088
Slovenia,SVN,4340,36,9203,2,0,0,0,0,0,0.09,0,0,0,0,0.89,No data,1861034,0,0,No data,2.3,No data,2.52,92,7,0.1,2697.67,9,No data,0.05,25.59,0,0,0,0,551,0,127,2.4,2.2,9.4,4.65,1.12,61,100,99.71,73.1,114.56,36000,99.1,99.5,32885,2064845,2036330,20140
Solomon Islands,SLB,651,431,No data,40,2673,138,3213,11,0.09,0.15,0.15,0,0,0,0.52,No data,2311045,164,152,15.74,25.8,11.5,0.22,99,84,No data,107.61,114,6,No data,46.1,44496,10982,0,0,0,0,111,13.9,No data,No data,2.35,-0.99,39,35.1,No data,10,69.89,1000,29.8,80.8,2236,599419,521146,27990
Somalia,SOM,737,0,134264,40,0,0,959,529973,0.3,0.48,0.99,0.98,5,0,No data,0.5,2370384723,657,761,20.42,132.5,23,0.04,46,270,0.4,No data,732,33,0.77,No data,5620296,14165,13126,1549830,9248,31431,88,28.8,No data,No data,No data,-2.18,9,19.1,No data,1.76,58.12,190000,23.6,31.7,400,14317996,10690803,627340
South Africa,ZAF,48,0,101849,1,1394,0,1,611212,0.18,0.3,0.68,0.4,0,0,0.67,0.04,7688913,955,973,0.41,43.3,8.7,0.77,75,781,18.9,1148.37,138,2,0.39,63.38,2700000,7520,10200,0,92296,0,123,4.6,3,6.2,3.45,0.27,43,86,94.6,51.92,142.38,300000,66.4,93.2,13225,55908864,54040648,1213090
South Sudan,SSD,4999,0,161179,0,0,0,0,239393,0.06,0.06,1,0.99,5,5,0.42,0.55,3089854224,1380,1268,No data,90.7,27.6,No data,20,146,2.7,72.82,789,55,No data,No data,1818,3625826,0,1944735,275264,0,92,32,No data,No data,No data,-2.26,12,4.5,31.98,17.93,21.55,39000,6.7,58.7,1925,12230730,12250057,644329
Spain,ESP,32510,0,122566,76,0,0,0,181818,0.06,0.12,0.16,0.34,0,0,0.88,No data,0,0,0,No data,3.3,No data,4.95,97,10,0.4,2965.82,5,No data,0.08,35.89,150,150,1500,0,15557,0,126,2.4,2,8.4,4.13,1.12,57,100,98.25,78.69,109.74,720000,99.9,100,36310,46443960,45827747,498800
Sri Lanka,LKA,0,0,122899,461,37659,0,22304,249878,0.18,0,0.08,0.03,0,0,0.77,No data,26383142,148,83,0.46,9.4,26.3,0.68,99,65,0.1,369.17,30,0,0.39,38.58,27309,941602,1098399,43607,651,715,113,22.1,6.9,8.3,3.55,-0.21,38,92.2,92.61,29.99,118.49,26000,95.1,95.6,12316,21203000,20527963,62710
Sudan,SDN,0,0,339138,0,0,0,0,570000,0.21,0.18,0.99,0.98,0,5,0.49,0.29,1124401033,522,498,0.94,65.1,33,0.28,86,82,0.2,281.64,311,16,0.57,35.39,800000,200672,30762,3300000,905630,6,105,25.6,No data,No data,3.05,-1.41,16,44.9,58.6,26.61,68.63,50000,23.5,55.5,4730,39578828,39866151,2376000
Suriname,SUR,0,0,14805,0,0,0,0,0,0,0.09,0.01,0,0,0,0.73,0.03,0,9,7,0.52,20,5.8,1.03,97,26,1.4,978.63,155,1,0.45,No data,0,0,0,0,15,0,117,7.9,6.2,9.7,No data,-0.34,41,100,95.54,42.76,145.94,6800,79.2,94.8,14146,558368,537673,156000
Swaziland,SWZ,0,0,6527,0,162,0,0,64303,0.15,0.09,0.03,0.01,0,0,0.54,0.11,26522038,39,59,3.97,70.4,5.8,0.17,89,398,27.2,586.82,389,1,0.57,51.45,0,492000,0,0,770,7,104,19.6,No data,No data,3.23,-0.56,39,65,87.47,30.38,76.37,7200,57.5,74.1,8343,1343098,1276956,17200
Sweden,SWE,0,0,12172,0,0,0,0,0,0,0.09,0.01,0.01,0,0,0.91,No data,0,0,0,No data,2.9,No data,3.93,97,8,0.2,5218.86,4,No data,0.05,27.32,0,0,0,0,235853,0,126,2.4,1.5,6.7,3.98,1.79,84,100,No data,90.61,126.67,300000,99.3,100,49175,9903122,9704400,410340
Switzerland,CHE,5951,0,24568,0,0,0,0,0,0,0.03,0.02,0.01,0,0,0.94,No data,3763220,0,0,No data,4.1,No data,4.05,94,8,0.3,6468.5,5,No data,0.04,31.64,0,0,0,0,88066,0,131,2.4,1.4,6.6,4.65,2.03,85,100,No data,87.97,135.62,160000,99.9,100,62881,8372098,8218518,40000
Syria,SYR,31735,59,76625,5,0,0,0,49363,0.06,0.3,0.98,0.97,5,5,0.54,0.03,5233802464,1825,2469,No data,17.5,10.1,1.46,62,21,0.1,375.88,68,No data,0.55,35.77,3500,0,0,6278275,637134,8,121,27.8,No data,No data,3.15,-1.82,14,95.8,86.3,29.98,54.23,65000,95.7,90.1,2900,18430452,18434735,183630
Tajikistan,TJK,17852,11343,51399,0,0,0,0,115151,0.06,0.36,0.73,0.17,0,0,0.63,0.03,24784765,136,117,4.09,43.1,13.3,1.92,97,85,0.3,185.15,32,0,0.32,30.76,18778,12905,700,0,2612,0,97,30.1,No data,No data,3.17,-1.02,21,100,99.78,18.98,106.68,14000,95,73.8,2980,8734951,8463573,139960
Tanzania,TZA,45578,0,175722,23,481,0,164,383757,0.24,0.06,0.65,0.21,0,0,0.53,0.33,234464720,1445,1455,4.97,56.7,13.6,0.03,90,287,4.7,137.49,398,50,0.54,37.78,27138,279876,0,0,306153,0,107,32.3,11.5,4.8,3.58,-0.55,36,15.5,80.36,5.36,74.36,72000,15.6,55.6,2787,55572200,52199036,885800
Thailand,THA,17614,0,770988,178,147007,2748,28932,908563,0.33,0.06,0.59,0.08,0,0,0.74,0,26497573,-1,170,0.06,12.2,9.2,0.39,99,172,1.1,950.14,20,1,0.37,39.26,0,808843,3590558,35000,104532,0,113,9.5,4.5,2.8,3.12,0.34,37,100,93.98,39.32,172.65,230000,93,97.8,16916,68863512,67689472,510890
The former Yugoslav Republic of Macedonia,MKD,4150,92,11295,0,0,0,0,303,0.03,0.15,0.41,0.24,0,0,0.75,0.01,46854963,46,52,1.61,12.2,1.3,2.63,82,16,0.1,851.15,8,No data,0.16,44.05,105030,33682,2220,150,592,0,118,3.9,5.1,7.9,3.48,0.09,35,100,97.84,70.38,100.69,14000,90.9,99.4,15121,2081206,2066809,25220
Timor-Leste,TLS,2254,0,1361,2,7015,584,1775,3636,0.06,0,0.1,0.03,0,0,0.61,0.32,9547991,149,165,8.09,49.7,45.3,0.07,78,498,No data,101.54,215,16,No data,31.56,2003,120000,0,0,0,0,102,26.9,No data,No data,2.48,-1.03,38,45.4,64.07,13.4,125.01,2900,40.6,71.9,2290,1268671,1151243,14870
Togo,TGO,0,0,26236,0,0,0,0,12121,0.03,0.06,0.56,0.13,0,0,0.49,0.24,1568450,90,59,4.08,75.7,16.2,0.05,87,46,2.1,76.25,368,83,0.56,46.02,324,0,3612,1500,12345,1,120,11.5,6.8,15.5,1.32,-1.08,32,45.7,66.54,7.12,74.91,13000,11.6,63.1,1491,7606374,7289038,54390
Tonga,TON,0,0,No data,0,1939,612,18,0,0.03,No data,0.01,0,0,0,0.72,No data,4164501,45,49,19.73,16.4,1.9,0.56,84,9,No data,269.77,124,No data,0.66,38.1,0,392,0,0,0,0,85,4.2,No data,No data,2.67,-0.29,No data,95.3,99.4,45,74.67,720,91,99.6,5752,107122,105826,720
Trinidad and Tobago,TTO,1887,0,198,0,2919,0,2148,0,0.03,0.12,0.05,0,0,0,0.78,0.01,0,0,0,No data,18.5,No data,1.17,86,18,1.2,1815.65,63,No data,0.32,No data,0,0,0,0,206,0,129,4.8,4,16.5,3.23,0.22,41,100,98.97,69.2,160.61,8900,91.5,95.1,31908,1364962,1353472,5130
Tunisia,TUN,11568,0,21161,104,0,0,0,0,0.03,0.33,0.48,0.07,0,0,0.73,0.01,6142311,190,285,1.55,13.6,2.3,1.22,96,38,0.1,785.32,62,No data,0.29,35.81,0,0,2000,0,601,0,142,5,3.9,4.7,2.43,-0.21,42,99.8,81.05,48.52,125.82,55000,91.6,97.7,11599,11403248,11224936,155360
Turkey,TUR,134405,56844,232052,104,0,0,0,0,0,0.15,0.78,0.69,4,0,0.77,No data,2071604711,293,849,0.42,12.7,1.9,1.71,98,18,No data,1036.47,16,0,0.33,40.17,6500,0,360,1108000,3604124,0,158,2.4,3.8,12.9,4.17,0.05,40,100,95.69,53.74,96.87,400000,94.9,100,24244,79512424,78415488,769630
Turkmenistan,TKM,10643,3781,33450,0,0,0,0,0,0,0.27,0.17,0.02,0,0,0.69,0.01,0,7,5,0.1,51,No data,2.39,99,60,No data,319.9,42,No data,No data,No data,0,0,0,0,22,0,120,5.5,No data,No data,No data,-1.14,19,100,99.69,15,157.67,20000,62.7,60.4,16880,5662544,5365940,469930
Tuvalu,TUV,0,0,No data,1,4,0,0,0,0.03,No data,0.01,0,0,0,No data,No data,0,36,22,60.67,25.3,1.6,1.09,96,207,No data,585.04,No data,No data,No data,No data,4613,0,0,0,0,0,85,4.2,No data,No data,No data,-0.93,No data,98.5,No data,42.7,76.44,47,83.3,97.7,3652,11097,9593,30
Uganda,UGA,32239,0,98660,0,0,0,0,134848,0.21,0.09,0.87,0.78,0,0,0.49,0.36,546735879,958,1058,7.43,53,14.1,0.12,82,201,6.5,132.59,343,58,0.52,42.37,0,11590,14,53000,1381182,0,96,39,5.2,21.8,No data,-0.57,26,20.4,73.81,19.22,55.07,46000,19.1,79,1849,41487964,38923657,199810
Ukraine,UKR,7022,0,303119,0,0,0,0,0,0.03,0.18,0.98,0.95,0,5,0.74,0,428378889,1122,968,1.65,9.1,No data,3.54,42,87,0.9,584.24,24,No data,0.28,24.09,0,200,0,1593466,3253,0,123,2.4,5.2,3.9,No data,-0.58,30,100,99.76,49.26,132.64,430000,95.9,96.2,8272,45004644,44384984,579320
United Arab Emirates,ARE,16776,8720,19179,116,628,0,2771,0,0,0.24,0,0,0,0,0.84,No data,1200000,0,0,No data,7.7,No data,2.53,99,1,No data,2405.37,6,No data,0.23,No data,0,0,0,0,807,0,124,3.8,No data,No data,4.15,1.41,71,100,92.99,91.24,204.02,40000,97.6,99.6,72419,9269612,9148037,83600
United Kingdom,GBR,0,0,75716,4,0,0,0,0,0,0.03,0.26,0.14,0,0,0.91,No data,0,0,0,No data,4.3,No data,2.81,92,10,0.3,3376.87,9,No data,0.13,32.57,63600,0,70,0,121280,0,136,2.4,1.2,5,4.15,1.61,82,100,No data,92,122.32,650000,99.2,100,42609,65637240,64286081,241930
United States of America,USA,128292,50557,371344,746,1027358,93649,553934,0,0.39,0.12,0.92,0.73,0,0,0.92,No data,0,0,0,No data,6.5,0.5,2.45,92,3,No data,9402.54,14,No data,0.2,41.06,41265,85119040,564897,0,279419,0,146,2.4,1,0,3.8,1.48,75,100,No data,74.55,127.16,6600000,100,99.2,57467,323127520,313059525,9147420
Uruguay,URY,0,0,12166,0,0,0,0,0,0.03,0.09,0,0.01,0,0,0.8,No data,0,7,6,0.04,9.2,4.5,3.74,95,29,0.6,1792.18,15,No data,0.28,41.6,28326,10605,6639,0,318,0,131,2.4,3.1,6.4,3.42,0.55,70,99.7,98.44,64.6,148.71,58000,96.4,99.7,21625,3444006,3394393,175020
Uzbekistan,UZB,62853,42111,160748,0,0,0,0,18181,0.03,0.45,0.36,0.13,0,0,0.7,0.01,169875,172,227,0.67,24.1,4.4,2.53,99,76,0.2,339.61,36,No data,0.29,35.27,0,0,0,0,22,0,117,6.3,No data,No data,3.95,-0.6,22,100,100,42.8,77.33,81000,100,87.3,6514,31848200,29794255,425400
Vanuatu,VUT,139,97,No data,10,3289,124,921,0,0,0.09,0.01,0,0,0,0.6,0.13,5345010,151,103,No data,27.6,10.7,0.12,53,56,No data,150.36,78,4,No data,37.18,188000,351,13564,0,0,0,129,6.9,No data,No data,2.85,-0.88,43,34.5,85.06,22.35,71.3,1000,57.9,94.5,3081,270402,227035,12190
Venezuela,VEN,58944,8265,108454,57,39350,18,61323,0,0.03,0.06,0.83,0.31,0,0,0.77,No data,0,23,32,No data,16.3,2.9,No data,88,32,0.6,922.99,95,2,0.46,46.94,45297,0,0,0,171878,0,104,13,4.5,12.8,4,-1.29,18,99.1,97.13,61.87,86.99,70000,94.4,93.1,18281,31568180,31025363,882050
Viet Nam,VNM,14132,0,1776529,201,825492,69805,449060,238181,0.18,0,0.3,0.1,0,0,0.68,0.02,18774506,1821,1870,1.47,21.6,12.1,1.19,99,133,0.4,390.5,54,0,0.34,37.59,1765215,2503129,5056277,0,0,0,122,10.7,No data,No data,3.32,0.01,35,99.2,94.51,52.72,128.04,77000,78,97.6,6424,92701104,93277900,310070
Yemen,YEM,0,0,69674,43,0,0,0,0,0,0.15,1,0.97,5,4,0.48,0.2,4374276283,551,760,7.09,55.3,39.9,0.2,70,48,0.1,202.16,385,10,0.77,35.89,128091,29950,8,2026662,270723,0,101,28.8,7.6,11,1.6,-1.82,16,72,69.96,25.1,67.17,22000,53.3,54.9,2508,27584212,26766531,527970
Zambia,ZMB,759,0,71130,0,0,0,0,126460,0.09,0.03,0.29,0.03,0,0,0.58,0.26,15159281,565,643,4.67,63.4,14.8,0.17,93,376,12.4,194.68,224,79,0.53,55.62,0,0,0,0,29509,0,92,45.9,10.1,3.2,3.58,-0.66,37,27.9,85.12,21,74.95,31000,43.9,65.4,3922,16591390,16150024,743390
Zimbabwe,ZWE,3,0,98082,0,1173,0,0,646139,0.21,0.3,0.64,0.25,0,0,0.52,0.13,311183415,445,488,4.41,56.4,11.2,0.08,95,208,13.5,114.61,443,18,0.54,No data,1490510,2128,0,0,14136,11,89,44.7,No data,No data,3.97,-1.16,22,32.3,86.87,16.36,83.18,49000,36.8,76.9,2006,16150362,15536297,386850
